s_m,Ez_1V_Vpm,Ez_crit_Vpm,Fe_N
6.000000000000000787e-09,1.086368252605872658e+04,1.215891858705092035e+07,5.750944426119921733e-07
9.999999999999999547e-07,1.051067770272734924e+04,1.176382632460428588e+07,5.564073066775481253e-07
1.012541479680701992e-06,1.050622377635007797e+04,1.175884137331506424e+07,5.561715276678773431e-07
1.025240248073983498e-06,1.050171399114569795e+04,1.175379390336059779e+07,5.559327916405503381e-07
1.038098277813041153e-06,1.049714764656177977e+04,1.174868313066422194e+07,5.556910615101859492e-07
1.051117566270803173e-06,1.049252403326007698e+04,1.174350826131595485e+07,5.554462997263048472e-07
1.064300135870217385e-06,1.048784243300595153e+04,1.173826849144873954e+07,5.551984682674766430e-07
1.077648034398399862e-06,1.048310211855761736e+04,1.173296300711448491e+07,5.549475286354567256e-07
1.091163335324755938e-06,1.047830235355171681e+04,1.172759098415599763e+07,5.546934418491286004e-07
1.104848138123056012e-06,1.047344239239060335e+04,1.172215158808081970e+07,5.544361684385366472e-07
1.118704568597587917e-06,1.046852148012540056e+04,1.171664397393036075e+07,5.541756684386967454e-07
1.132734779213360642e-06,1.046353885233899018e+04,1.171106728614891879e+07,5.539119013834007570e-07
1.146940949430489646e-06,1.045849373502738672e+04,1.170542065845092013e+07,5.536448262989375772e-07
1.161325286042734754e-06,1.045338534447948405e+04,1.169970321368632652e+07,5.533744016977267289e-07
1.175890023520325306e-06,1.044821288715550872e+04,1.169391406370460056e+07,5.531005855718844065e-07
1.190637424357043127e-06,1.044297555956290307e+04,1.168805230921578407e+07,5.528233353866529354e-07
1.205569779421700548e-06,1.043767254813279214e+04,1.168211703965223953e+07,5.525426080738610421e-07
1.220689408313983603e-06,1.043230302909262537e+04,1.167610733302611113e+07,5.522583600251821075e-07
1.235998659724801655e-06,1.042686616833847984e+04,1.167002225578639843e+07,5.519705470853742087e-07
1.251499911801112748e-06,1.042136112130570473e+04,1.166386086267417856e+07,5.516791245454322810e-07
1.267195572515366764e-06,1.041578703283738287e+04,1.165762219657538831e+07,5.513840471356248718e-07
1.283088080039541199e-06,1.041014303705172824e+04,1.165130528837240860e+07,5.510852690184745669e-07
1.299179903123908039e-06,1.040442825720778092e+04,1.164490915679374710e+07,5.507827437816478901e-07
1.315473541480510138e-06,1.039864180556848260e+04,1.163843280826079100e+07,5.504764244307076657e-07
1.331971526171489191e-06,1.039278278326346481e+04,1.163187523673423566e+07,5.501662633818484404e-07
1.348676420002239887e-06,1.038685028014917771e+04,1.162523542355753295e+07,5.498522124544929919e-07
1.365590817919539960e-06,1.038084337466784018e+04,1.161851233729902841e+07,5.495342228638245687e-07
1.382717347414631145e-06,1.046665038437289513e+04,1.171454979445956647e+07,5.540766176088993809e-07
1.400058668931382967e-06,1.046003832674144360e+04,1.170714940603318810e+07,5.537265928738285117e-07
1.417617476279576632e-06,1.045334334412339740e+04,1.169965620578554831e+07,5.533721783106464192e-07
1.435396497053342059e-06,1.044656439651686742e+04,1.169206902971923910e+07,5.530133188644206996e-07
1.453398493054887593e-06,1.043970043087670456e+04,1.168438669923849590e+07,5.526499587897435251e-07
1.471626260723495298e-06,1.043275038095080345e+04,1.167660802096598037e+07,5.522820416420660733e-07
1.490082631569946581e-06,1.042571316711522741e+04,1.166873178655824624e+07,5.519095102689699584e-07
1.508770472616344896e-06,1.041858769620522071e+04,1.166075677251661196e+07,5.515323068012223515e-07
1.527692686841505997e-06,1.041137286134654642e+04,1.165268173999838345e+07,5.511503726438467713e-07
1.546852213631882706e-06,1.040406754178301162e+04,1.164450543462381698e+07,5.507636484669928100e-07
1.566252029238195923e-06,1.039667060270267939e+04,1.163622658628160879e+07,5.503720741967364023e-07
1.585895147237741824e-06,1.038918089506126489e+04,1.162784390893124044e+07,5.499755890057309113e-07
1.605784619002548031e-06,1.038159725540355430e+04,1.161935610040310584e+07,5.495741313037538172e-07
1.625923534173348891e-06,1.037391850568315749e+04,1.161076184219676629e+07,5.491676387281638324e-07
1.646315021139559245e-06,1.036614345307929580e+04,1.160205979927590303e+07,5.487560481342035388e-07
1.666962247525212140e-06,1.035827088981110137e+04,1.159324861986047216e+07,5.483392955851677706e-07
1.687868420681047072e-06,1.035029959295060871e+04,1.158432693521740101e+07,5.479173163425046579e-07
1.709036788182713376e-06,1.034222832423257933e+04,1.157529335944773629e+07,5.474900448557474754e-07
1.730470638335279141e-06,1.033405582986186164e+04,1.156614648927104287e+07,5.470574147523177422e-07
1.752173300684009021e-06,1.032578084031910839e+04,1.155688490380794555e+07,5.466193588272393830e-07
1.774148146531606175e-06,1.031740207016315981e+04,1.154750716435896792e+07,5.461758090326784006e-07
1.796398589461883819e-06,1.030891821783146042e+04,1.153801181418113969e+07,5.457266964673767754e-07
1.818928085870061852e-06,1.030032796543816585e+04,1.152839737826203369e+07,5.452719513659649207e-07
1.841740135499655511e-06,1.029162997856908441e+04,1.151866236309027113e+07,5.448115030881068506e-07
1.864838281986157870e-06,1.028282290607432878e+04,1.150880525642343611e+07,5.443452801075230553e-07
1.888226113407478695e-06,1.029199405267863767e+04,1.151906984438835643e+07,5.448307762025964090e-07
1.911907262841349508e-06,1.028423418192373720e+04,1.151038479339127988e+07,5.444199892953182624e-07
1.935885408929660983e-06,1.027637699090764181e+04,1.150159081900382414e+07,5.440040505124001685e-07
1.960164276449915841e-06,1.026842125909000788e+04,1.149268655516520515e+07,5.435828952416844079e-07
1.984747636893850399e-06,1.026036575062335396e+04,1.148367061868248880e+07,5.431564580606941098e-07
2.009639309053271989e-06,1.025220921416092096e+04,1.147454160901554115e+07,5.427246727264618693e-07
2.034843159613303893e-06,1.024395038266227857e+04,1.146529810805946216e+07,5.422874721652391432e-07
2.060363103753005396e-06,1.023558797319620135e+04,1.145593867992395535e+07,5.418447884620610165e-07
2.086203105753591840e-06,1.022712068674173133e+04,1.144646187071067095e+07,5.413965528502149358e-07
2.112367179614213599e-06,1.021854720798623384e+04,1.143686620828719251e+07,5.409426957005503060e-07
2.138859389675526917e-06,1.020986620512119225e+04,1.142715020205847546e+07,5.404831465106684447e-07
2.165683851251017202e-06,1.020107632963500873e+04,1.141731234273494780e+07,5.400178338939539287e-07
2.192844731266306043e-06,1.019217621610410060e+04,1.140735110209870525e+07,5.395466855685161555e-07
2.220346248906412705e-06,1.018316448198002399e+04,1.139726493276524357e+07,5.390696283459194639e-07
2.248192676271195421e-06,1.017403972737575168e+04,1.138705226794426516e+07,5.385865881198701621e-07
2.276388339038948773e-06,1.016480053484680866e+04,1.137671152119471319e+07,5.380974898546298579e-07
2.304937617138393037e-06,1.015544546917270964e+04,1.136624108618015423e+07,5.376022575734453067e-07
2.333844945429015290e-06,1.014597307713245209e+04,1.135563933641750738e+07,5.371008143466640096e-07
2.363114814390022285e-06,1.013638188727979468e+04,1.134490462502552010e+07,5.365930822798377414e-07
2.392751770817855571e-06,1.012667040971465940e+04,1.133403528446892649e+07,5.360789825016214145e-07
2.422760418532531842e-06,1.011683713585087753e+04,1.132302962629849464e+07,5.355584351514776549e-07
2.453145419092761515e-06,1.010688053818272238e+04,1.131188594088972732e+07,5.350313593673183790e-07
2.483911492520120818e-06,1.009679907004731831e+04,1.130060249717694335e+07,5.344976732729268844e-07
2.515063418032218944e-06,1.008659116538402486e+04,1.128917754238397814e+07,5.339572939652205915e-07
2.546606034785146997e-06,1.007625523849188176e+04,1.127760930175269768e+07,5.334101375014103420e-07
2.578544242625157897e-06,1.006578968378272839e+04,1.126589597826669924e+07,5.328561188859318451e-07
2.610883002849827548e-06,1.005519287553169852e+04,1.125403575237204507e+07,5.322951520572368336e-07
2.643627338978753182e-06,1.004446316762538845e+04,1.124202678169541433e+07,5.317271498744624601e-07
2.676782337533903632e-06,1.003359889330534133e+04,1.122986720075700060e+07,5.311520241038516639e-07
2.710353148829747339e-06,1.002259836490969428e+04,1.121755512068135664e+07,5.305696854050764484e-07
2.744344987773316895e-06,1.001145987361059269e+04,1.120508862890349887e+07,5.299800433173376466e-07
2.778763134674312204e-06,1.000018168914938360e+04,1.119246578887253813e+07,5.293830062453470553e-07
2.813612936065308321e-06,9.987897551661575562e+03,1.117871705981421843e+07,5.287327166971598931e-07
2.848899805532331813e-06,9.976744669755620635e+03,1.116623446169150807e+07,5.281423128089905127e-07
2.884629224555765429e-06,9.965451914207984373e+03,1.115359531331821717e+07,5.275445043824607907e-07
2.920806743361891072e-06,9.954017530796014398e+03,1.114079765132231638e+07,5.269391985536918666e-07
2.957437981785015603e-06,9.942439743296825327e+03,1.112783948770853877e+07,5.263263012941709998e-07
2.994528630140508546e-06,9.930716753210954266e+03,1.111471880954908393e+07,5.257057173961227813e-07
3.032084450108690287e-06,9.918846739483153215e+03,1.110143357867112756e+07,5.250773504577285146e-07
3.070111275629901107e-06,9.906827858219479822e+03,1.108798173134017922e+07,5.244411028681499322e-07
3.108615013810701071e-06,9.894658242400531890e+03,1.107436117793912441e+07,5.237968757923482471e-07
3.147601645841533248e-06,9.882336001592106186e+03,1.106056980264439434e+07,5.231445691557677860e-07
3.187077227925792639e-06,9.869859221650902327e+03,1.104660546309657022e+07,5.224840816287558766e-07
3.227047892220652359e-06,9.857225964427623694e+03,1.103246599006809667e+07,5.218153106108465753e-07
3.267519847789583097e-06,9.844434267465565426e+03,1.101814918712592497e+07,5.211381522148044715e-07
3.308499381566926713e-06,9.831482143696041021e+03,1.100365283029063419e+07,5.204525012505013103e-07
3.349992859334456614e-06,9.818367581129430619e+03,1.098897466769064032e+07,5.197582512085607388e-07
3.392006726710296769e-06,9.805088542542782307e+03,1.097411241921254992e+07,5.190552942438211528e-07
3.434547510150131587e-06,9.791642965163606277e+03,1.095906377614725940e+07,5.183435211585966313e-07
3.477621817961085306e-06,9.778028760348845026e+03,1.094382640083064325e+07,5.176228213856816441e-07
3.521236341328203098e-06,9.764243813261125979e+03,1.092839792628121376e+07,5.168930829712138814e-07
3.565397855353920162e-06,9.750285982539637189e+03,1.091277595583175309e+07,5.161541925572504682e-07
3.610113220110459931e-06,9.736153099967599701e+03,1.089695806275713816e+07,5.154060353641650314e-07
3.655389381705501466e-06,9.721842970136052827e+03,1.088094178989804722e+07,5.146484951728498439e-07
3.701233373361207529e-06,9.707353370102104236e+03,1.086472464927845262e+07,5.138814543066236241e-07
3.747652316506753510e-06,9.692682049043534789e+03,1.084830412171906047e+07,5.131047936129480118e-07
3.794653421884558813e-06,9.688905833425060337e+03,1.084407768209676445e+07,5.129048908073312927e-07
3.842243990670422284e-06,9.674641187675011679e+03,1.082811231621535867e+07,5.121497584222487953e-07
3.890431415607714992e-06,9.660197642160299438e+03,1.081194672102233954e+07,5.113851555597111421e-07
3.939223182155715930e-06,9.645572953212900757e+03,1.079557838534557261e+07,5.106109634459041799e-07
3.988626869652472206e-06,9.630764849026212687e+03,1.077900476651948504e+07,5.098270618174317789e-07
4.038650152492113005e-06,9.615771029301751696e+03,1.076222328998965025e+07,5.090333289026140860e-07
4.089300801317056936e-06,9.600589164891933251e+03,1.074523134891296364e+07,5.082296414025760326e-07
4.140586684225044991e-06,9.585216897438056549e+03,1.072802630375247262e+07,5.074158744720839549e-07
4.192515767991438732e-06,9.569651839004371141e+03,1.071060548186782189e+07,5.065919017001743740e-07
4.245096119306716797e-06,9.553891571706442846e+03,1.069296617709929496e+07,5.057575950904794322e-07
4.298335906029629649e-06,9.537933647336531067e+03,1.067510564934853837e+07,5.049128250413965814e-07
4.352243398455922795e-06,9.521775586982437744e+03,1.065702112415196560e+07,5.040574603259109872e-07
4.406826970603127370e-06,9.505414880642612843e+03,1.063870979224997014e+07,5.031913680712201521e-07
4.462095101511307134e-06,9.488848986836725089e+03,1.062016880915106460e+07,5.023144137381186152e-07
4.518056376560271778e-06,9.472075332210324632e+03,1.060139529468941689e+07,5.014264611000699920e-07
4.574719488803159156e-06,9.455091311135287469e+03,1.058238633257764950e+07,5.005273722220557143e-07
4.632093240316895482e-06,9.437894285304875666e+03,1.056313896995361894e+07,4.996170074391376855e-07
4.690186543569436956e-06,9.421079499530920657e+03,1.054431942043219320e+07,4.987268774275954337e-07
4.749008422804315414e-06,9.404141122418108353e+03,1.052536154424081556e+07,4.978302048194739929e-07
4.808568015442398238e-06,9.386990312992860709e+03,1.050616590823033638e+07,4.969222866100547407e-07
4.868874573501333464e-06,9.369624407039675134e+03,1.048672953054085001e+07,4.960029817628592683e-07
4.929937465032776649e-06,9.352040706929741646e+03,1.046704939191539213e+07,4.950721474725969556e-07
4.991766175577617196e-06,9.334236481202337018e+03,1.044712243523143791e+07,4.941296391430061663e-07
5.054370309639439596e-06,9.316208964139717864e+03,1.042694556502510794e+07,4.931753103643497468e-07
5.117759592176516059e-06,9.297955355338024674e+03,1.040651564701090939e+07,4.922090128906996142e-07
5.181943870112515193e-06,9.279472819272563356e+03,1.038582950759518892e+07,4.912305966169244598e-07
5.246933113866058846e-06,9.260758484856600262e+03,1.036488393338232674e+07,4.902399095553331325e-07
5.312737418899613334e-06,9.241809444995762533e+03,1.034367567067600787e+07,4.892367978120858305e-07
5.379367007287637112e-06,9.222622756136614043e+03,1.032220142497397400e+07,4.882211055632967607e-07
5.446832229304573575e-06,9.203195437808930365e+03,1.030045786045573466e+07,4.871926750308042319e-07
5.515143565032578892e-06,9.183524472163277096e+03,1.027844159946500324e+07,4.861513464576900257e-07
5.584311625989589624e-06,9.163606803501563263e+03,1.025614922198428027e+07,4.850969580834290388e-07
5.654347156777634451e-06,9.152511132882649690e+03,1.024373065623546578e+07,4.845095828085455779e-07
5.725261036751996442e-06,9.132969005719593042e+03,1.022185859465566091e+07,4.834750746018364009e-07
5.797064281711124256e-06,9.113181791365779645e+03,1.019971222505995259e+07,4.824275921314720727e-07
5.869768045607928384e-06,9.093146416065219455e+03,1.017728810721996799e+07,4.813669726809901401e-07
5.943383622282342144e-06,9.072859767512429244e+03,1.015458275776173174e+07,4.802930514932210097e-07
6.017922447215813215e-06,9.052318694369012519e+03,1.013159264962460846e+07,4.792056617446960123e-07
6.093396099307598645e-06,9.031520005774247693e+03,1.010831421151353978e+07,4.781046345197403705e-07
6.169816302673533329e-06,9.010460470849009653e+03,1.008474382734381407e+07,4.769897987842108364e-07
6.247194928467165254e-06,8.989136818194399893e+03,1.006087783567993529e+07,4.758609813589557142e-07
6.325543996723920704e-06,8.967545735383228021e+03,1.003671252916645817e+07,4.747180068928945649e-07
6.404875678228207982e-06,8.945683868445888947e+03,1.001224415395258181e+07,4.735606978358019791e-07
6.485202296404129624e-06,8.925612633722859755e+03,9.989779901305882260e+06,4.724981800829232464e-07
6.566536329229710789e-06,8.904179930208709266e+03,9.965791857058100402e+06,4.713635897953690753e-07
6.648890411175336704e-06,8.882478428878872364e+03,9.941502967240735888e+06,4.702147700667743253e-07
6.732277335166306823e-06,8.860504758611168654e+03,9.916909458805374801e+06,4.690515424389020494e-07
6.816710054570131672e-06,8.838255506004272320e+03,9.892007511383673176e+06,4.678737262153698099e-07
6.902201685208746012e-06,8.815727214847793221e+03,9.866793256694257259e+06,4.666811384335970585e-07
6.988765507395899209e-06,8.792916385585616808e+03,9.841262777942080051e+06,4.654735938363960222e-07
7.076414968000095507e-06,8.769819474771802561e+03,9.815412109209457412e+06,4.642509048431686126e-07
7.165163682533470450e-06,8.746432894520212358e+03,9.789237234840057790e+06,4.630128815207705567e-07
7.255025437266867729e-06,8.722753011947728737e+03,9.762734088815759867e+06,4.617593315540374567e-07
7.346014191371311262e-06,8.698776148609023949e+03,9.735898554124014452e+06,4.604900602158627157e-07
7.438144079086543373e-06,8.674498579925948434e+03,9.708726462119210511e+06,4.592048703369908601e-07
7.531429411916526571e-06,8.658009181433564663e+03,9.690271094582702965e+06,4.583319654622176568e-07
7.625884680852718683e-06,8.634069909264986563e+03,9.663477632915098220e+06,4.570646841005522229e-07
7.721524558624994307e-06,8.609830403200976434e+03,9.636348141592457891e+06,4.557815091554418652e-07
7.818363901981031648e-06,8.585286897864090861e+03,9.608878406305531040e+06,4.544822412978251026e-07
7.916417753994044461e-06,8.560435580653876968e+03,9.581064159891834483e+06,4.531666786987800996e-07
8.015701346399710384e-06,8.535272591153670874e+03,9.552901081671725959e+06,4.518346169981219255e-07
8.116230101962140629e-06,8.509794020532097420e+03,9.524384796778546646e+06,4.504858492727196575e-07
8.218019636869800771e-06,8.483995910934701897e+03,9.495510875477723777e+06,4.491201660042911823e-07
8.321085763161197957e-06,8.460153755213685145e+03,9.468826109086928889e+06,4.478580257289143324e-07
8.425444491181262904e-06,8.434908195151012478e+03,9.440570615726346150e+06,4.465215929624150957e-07
8.531112032068277596e-06,8.409346018409751196e+03,9.411960756669873372e+06,4.451683993515283324e-07
8.638104800272255004e-06,8.383463254148231499e+03,9.382992087647305802e+06,4.437982346904632378e-07
8.746439416104625152e-06,8.357255881724688152e+03,9.353660108650861308e+06,4.424108861371443620e-07
8.856132708320193134e-06,8.330719830072404875e+03,9.323960263235833496e+06,4.410061381801338079e-07
8.967201716731191204e-06,8.303850977067506392e+03,9.293887937812998891e+06,4.395837726051631598e-07
9.079663694854314343e-06,8.276645148888685071e+03,9.263438460932012647e+06,4.381435684612398307e-07
9.193536112590918843e-06,8.249098119368529296e+03,9.232607102555401623e+06,4.366853020263077641e-07
9.308836658940776963e-06,8.221205609337284841e+03,9.201389073324069381e+06,4.352087467725076481e-07
9.425583244749856889e-06,8.201382113789160940e+03,9.179202096863532439e+06,4.341593436722676207e-07
9.543794005492634534e-06,8.173859819371195044e+03,9.148398422662433237e+06,4.327023866478206213e-07
9.663487304089306493e-06,8.145992354657048054e+03,9.117208424807280302e+06,4.312271572264573698e-07
9.784681733758263271e-06,8.117775390700528078e+03,9.085627258227890357e+06,4.297334262452866174e-07
9.907396120904329336e-06,8.089204544263784555e+03,9.053650017089426517e+06,4.282209616673611632e-07
1.003164952804329683e-05,8.060275377137066243e+03,9.021271734031060711e+06,4.266895285456676769e-07
1.015746125676317648e-05,8.030983395448590272e+03,8.988487379393555224e+06,4.251388889865929512e-07
1.028485085072236896e-05,8.003918579058828072e+03,8.958195726607566699e+06,4.237061496315234466e-07
1.041383809868575455e-05,7.975279077922636134e+03,8.926141645327720791e+06,4.221900506565122286e-07
1.054444303759851978e-05,7.946280395064853110e+03,8.893685558438792825e+06,4.206549375570107324e-07
1.067668595569888156e-05,7.916918025815330111e+03,8.860822424195731059e+06,4.191005718677688903e-07
1.081058739566949358e-05,7.887187409008409304e+03,8.827547137622227892e+06,4.175267121328148634e-07
1.094616815782873610e-05,7.857083926274891382e+03,8.793854529718274251e+06,4.159331138679737814e-07
1.108344930336167064e-05,7.826602901324378763e+03,8.759739366656931117e+06,4.143195295228763027e-07
1.122245215759187243e-05,7.795739599218846706e+03,8.725196348971301690e+06,4.126857084425040604e-07
1.136319831329393740e-05,7.766373768297377865e+03,8.692329340334149078e+06,4.111311595015615319e-07
1.150570963404790206e-05,7.737258410414353420e+03,8.659742667694980279e+06,4.095898699367181240e-07
1.165000825763534760e-05,7.707777902862043447e+03,8.626747309963045642e+06,4.080292503201150993e-07
1.179611659947849250e-05,7.677927666123242489e+03,8.593338141622506082e+06,4.064490582242987324e-07
1.194405735612204349e-05,7.647703063246963211e+03,8.559509972876124084e+06,4.048490481814234093e-07
1.209385350875896340e-05,7.617099399127824654e+03,8.525257548838742077e+06,4.032289716451049160e-07
1.224552832680042533e-05,7.586111919776956711e+03,8.490575548721253872e+06,4.015885769518237946e-07
1.239910537149045464e-05,7.554735811583494979e+03,8.455458585004052147e+06,3.999276092818306957e-07
1.255460849956588541e-05,7.522966200566612315e+03,8.419901202599884942e+06,3.982458106195512945e-07
1.271206186696233294e-05,7.490798151618762859e+03,8.383897878006868064e+06,3.965429197135252850e-07
1.287148993256664284e-05,7.458226667738656033e+03,8.347443018450018950e+06,3.948186720358023733e-07
1.303291746201628781e-05,7.425246689255285673e+03,8.310530961012763903e+06,3.930727997408643032e-07
1.319636953154643206e-05,7.397463376940674607e+03,8.279435148731647059e+06,3.916020251235869506e-07
1.336187153188532909e-05,7.365039372948214805e+03,8.243145352535480633e+06,3.898855846386441821e-07
1.352944917219859161e-05,7.332208723968478807e+03,8.206400428597659804e+06,3.881476174502343574e-07
1.369912848408281128e-05,7.298966330071615630e+03,8.169194668942855671e+06,3.863878535816430739e-07
1.387093582560926347e-05,7.265307027367236515e+03,8.131522294009424746e+06,3.846060196702552248e-07
1.404489788541843411e-05,7.232686223600427184e+03,8.095012234341039322e+06,3.828791611289798495e-07
1.422104168686594434e-05,7.199388778770738099e+03,8.057744860237472691e+06,3.811164830105057113e-07
1.439939459222016124e-05,7.165673734713294834e+03,8.020010098118829541e+06,3.793316983002249134e-07
1.457998430691290055e-05,7.131535854115881193e+03,7.981802086247830652e+06,3.775245297487662457e-07
1.476283888384297401e-05,7.096969833982599994e+03,7.943114889372296631e+06,3.756946966296391745e-07
1.494798672773416718e-05,7.061970304810134621e+03,7.903942497803200036e+06,3.738419146956273688e-07
1.513545659954741874e-05,7.028744557285360315e+03,7.866755369204901159e+06,3.720830320416753123e-07
1.532527762094878888e-05,6.995589979005914756e+03,7.829647895093723200e+06,3.703279168981761271e-07
1.551747927883300490e-05,6.962019593256693952e+03,7.792075038350020535e+06,3.685507900137694818e-07
1.571209142990420346e-05,6.928028185196643790e+03,7.754030962386828847e+06,3.667513753286476553e-07
1.590914430531364609e-05,6.893610474583152609e+03,7.715509757418043911e+06,3.649293933208185408e-07
1.610866851535609504e-05,6.858761114951257696e+03,7.676505439539767802e+06,3.630845609626549732e-07
1.631069505422456497e-05,6.823474692783755927e+03,7.637011949801475741e+06,3.612165916769625717e-07
1.651525530482524784e-05,6.787745726669560099e+03,7.597023153264026158e+06,3.593251952924254882e-07
1.672238104365232308e-05,6.751568666452909383e+03,7.556532838047434576e+06,3.574100779985677605e-07
1.693210444572420807e-05,6.719361146712006303e+03,7.520485336706970818e+06,3.557050976137967630e-07
1.714445808958175053e-05,6.683761322134751026e+03,7.480641078766824678e+06,3.538205376385552329e-07
1.735947496234888779e-05,6.647715023080928404e+03,7.440297114875335246e+06,3.519123424926773537e-07
1.757718846485684043e-05,6.611216650099908293e+03,7.399447177980406210e+06,3.499802157561480593e-07
1.779763241683267693e-05,6.574260533515809584e+03,7.358084922431997955e+06,3.480238572914142516e-07
1.802084106215295084e-05,6.539327454941117139e+03,7.318986904115842655e+06,3.461745930752108815e-07
1.824684907416310157e-05,6.502693082956940998e+03,7.277984753567456268e+06,3.442352669133736236e-07
1.847569156106355391e-05,6.465599261740882866e+03,7.236468375381071121e+06,3.422716187318819414e-07
1.870740407136351253e-05,6.428040229119843389e+03,7.194431320381334051e+06,3.402833434966262470e-07
1.894202259940316269e-05,6.392401476927371732e+03,7.154543493632631376e+06,3.383967227970289727e-07
1.917958359094497548e-05,6.356641595080770458e+03,7.114520095396128483e+06,3.365036898158909507e-07
1.942012394883513705e-05,6.320433231402555975e+03,7.073994744523834437e+06,3.345869154000824730e-07
1.966368103873612872e-05,6.283770761266995578e+03,7.032961145787017420e+06,3.326461017968854158e-07
1.991029269493124385e-05,6.246648489507211707e+03,6.991412925005445257e+06,3.306809475193211819e-07
2.015999722620151252e-05,6.209060649530482806e+03,6.949343628057207912e+06,3.286911472993171365e-07
2.041283342177692788e-05,6.171001402422387400e+03,6.906746719876049086e+06,3.266763920402822919e-07
2.066884055736165581e-05,6.136300884500121356e+03,6.867908989545355551e+06,3.248394389661304535e-07
2.092805840123547747e-05,6.098672528675440844e+03,6.825794346196802333e+06,3.228474939449562234e-07
2.119052722043107527e-05,6.060572257590823938e+03,6.783151522904496640e+06,3.208305669857768216e-07
2.145628778698947618e-05,6.021994152730477253e+03,6.739973895510239527e+06,3.187883447781165858e-07
2.172538138429325275e-05,5.985058743147308633e+03,6.698634815780702047e+06,3.168330824869067471e-07
2.199784981347987028e-05,5.946873789969980862e+03,6.655897214067857713e+06,3.148116726830943011e-07
2.227373539993471617e-05,5.908209940978234954e+03,6.612623619591490366e+06,3.127649114092991612e-07
2.255308099986633207e-05,5.872602852360705583e+03,6.572771231546833180e+06,3.108799668950964795e-07
2.283593000696333732e-05,5.834425290970206333e+03,6.530041902915796265e+06,3.088589483928078464e-07
2.312232635913560161e-05,5.795768926469323560e+03,6.486776685278023593e+06,3.068125833280413338e-07
2.341231454533926042e-05,5.756627753958440735e+03,6.442968857792273164e+06,3.047405538173913555e-07
2.370593961248778893e-05,5.719102304762011954e+03,6.400969390242716298e+06,3.027540563992627212e-07
2.400324717244970378e-05,5.680261335446973135e+03,6.357497558052215725e+06,3.006979188469031964e-07
2.430428340913385135e-05,5.640933242904517101e+03,6.313480524761644192e+06,2.986159942872113329e-07
2.460909508566352607e-05,5.605124329010543988e+03,6.273402248570937663e+06,2.967203656799690656e-07
2.491772955164079105e-05,5.566176643522444465e+03,6.229810976838913746e+06,2.946585788573996209e-07
2.523023475050186821e-05,5.526740496428166807e+03,6.185673006058185361e+06,2.925709341772879980e-07
2.554665922696463143e-05,5.488962766683453083e+03,6.143391179498197511e+06,2.905710816982994586e-07
2.586705213456942580e-05,5.449881559931347510e+03,6.099650467263397761e+06,2.885022266153389405e-07
2.619146324331473759e-05,5.410310217018842195e+03,6.055361181774863042e+06,2.864074250283920264e-07
2.651994294738862297e-05,5.373854890922058075e+03,6.014559424082482234e+06,2.844775770793582146e-07
2.685254227299661728e-05,5.334587590466508118e+03,5.970610430890989490e+06,2.823988706909679916e-07
2.718931288628859792e-05,5.296077085922419428e+03,5.927508463544774801e+06,2.803602270641531439e-07
2.753030710138418101e-05,5.257133314995388901e+03,5.883921573092231527e+06,2.782986474680292852e-07
2.787557788849967725e-05,5.217701131556606924e+03,5.839788038538755849e+06,2.762112126132915707e-07
2.822517888217606494e-05,5.180668106979283948e+03,5.798339705545975827e+06,2.742507828440631854e-07
2.857916438961105655e-05,5.141584505937913491e+03,5.754596313559795730e+06,2.721818010138006162e-07
2.893758939909474732e-05,5.102010738708259851e+03,5.710304314711884595e+06,2.700868710899554651e-07
2.930050958855199330e-05,5.063786059757933799e+03,5.667522250871347263e+06,2.680633583094383257e-07
2.966798133419097015e-05,5.024522196153062396e+03,5.623577104293329641e+06,2.659848338587769123e-07
3.004006171926117531e-05,4.987001625233420782e+03,5.581583096639176831e+06,2.639985946836393554e-07
3.041680854292026038e-05,4.948046780281185420e+03,5.537983811847001314e+06,2.619364288580912680e-07
3.079828032921310213e-05,4.908603383932502766e+03,5.493837727510495111e+06,2.598484004217430582e-07
3.118453633616249211e-05,4.870280857700302477e+03,5.450946150424203835e+06,2.578197078665137102e-07
3.157563656497452135e-05,4.831023232476892190e+03,5.407007986006435007e+06,2.557415136591652432e-07
3.197164176935931733e-05,4.793862659315681412e+03,5.365416897291214205e+06,2.537743318073368171e-07
3.237261346496842082e-05,4.754921964072599621e+03,5.321833449224864133e+06,2.517129150297362114e-07
3.277861393895054401e-05,4.715492894891385731e+03,5.277703400230187923e+06,2.496256450355065333e-07
3.318970625962739730e-05,4.677345335646776221e+03,5.235007650788200088e+06,2.476062147669799255e-07
3.360595428629091958e-05,4.638147936409895919e+03,5.191136892875112593e+06,2.455312087630856197e-07
3.402742267912303693e-05,4.601009119575268414e+03,5.149570154411570169e+06,2.435651786332887703e-07
3.445417690923991484e-05,4.562295547247931609e+03,5.106240908273082227e+06,2.415157851384306652e-07
3.488628326886239125e-05,4.523801992338151649e+03,5.063157911402408034e+06,2.394780387801499561e-07
3.532380888161397269e-05,4.485010398532878753e+03,5.019741341578235850e+06,2.374245150358797708e-07
3.576682171294773532e-05,4.447555090014365305e+03,4.977820377316157334e+06,2.354417306785823650e-07
3.621539058070396048e-05,4.408651933384327094e+03,4.934278943450680003e+06,2.333823010952589382e-07
3.666958516580047647e-05,4.371223628087660472e+03,4.892388201903157867e+06,2.314009462166653746e-07
3.712947602305712979e-05,4.332768981647674991e+03,4.849348752412982285e+06,2.293652595692327982e-07
3.759513459215534114e-05,4.295810351911693033e+03,4.807983684079031460e+06,2.274087680649262141e-07
3.806663320873611406e-05,4.257508518871191882e+03,4.765115267355957069e+06,2.253811709521969114e-07
3.854404511563613704e-05,4.219673147425909519e+03,4.722768926691957749e+06,2.233782670749758022e-07
3.902744447426594997e-05,4.181598215801923288e+03,4.680154463988993317e+06,2.213626815194091291e-07
3.951690637612959906e-05,4.144894894430100067e+03,4.639075143476460129e+06,2.194197053604771622e-07
4.001250685449003552e-05,4.106958609441140652e+03,4.596615857726027258e+06,2.174114593888038834e-07
4.051432289617949245e-05,4.069553472544274427e+03,4.554751046859587543e+06,2.154313309836402483e-07
4.102243245355932584e-05,4.031744811319899782e+03,4.512434600975804962e+06,2.134298410744330252e-07
4.153691445662852669e-05,3.995515804612050488e+03,4.471886145882992074e+06,2.115119738715706741e-07
4.205784882528539026e-05,3.957854968884572372e+03,4.429735150174832903e+06,2.095183094507774810e-07
4.258531648174165813e-05,3.920972433413962790e+03,4.388455248539687134e+06,2.075658461743785052e-07
4.311939936309368645e-05,3.883486853319111560e+03,4.346500403534931131e+06,2.055814593203881646e-07
4.366018043405000372e-05,3.847456533131211927e+03,4.306174323609528132e+06,2.036741100531494677e-07
4.420774369981933716e-05,3.810974339414813130e+03,4.265342494972167537e+06,2.017428398038331092e-07
4.476217421916021244e-05,3.774034605007195751e+03,4.223998574785606936e+06,1.997873485679261209e-07
4.532355811759385442e-05,3.738532243139860839e+03,4.184263399668192025e+06,1.979079480091810143e-07
4.589198260078277444e-05,3.701635942248752144e+03,4.142968091413167305e+06,1.959547560280532002e-07
4.646753596807753087e-05,3.665742996227784715e+03,4.102795764260609169e+06,1.940546789836332057e-07
4.705030762623336381e-05,3.630510330477437947e+03,4.063362440115167759e+06,1.921895554196090076e-07
4.764038810329855389e-05,3.594411973033575123e+03,4.022960211107337382e+06,1.902786044410996589e-07
4.823786906267682934e-05,3.558542701337383733e+03,3.982814380880372133e+06,1.883797806524314615e-07
4.884284331736665394e-05,3.523539967081676423e+03,3.943638402097998187e+06,1.865268290498421732e-07
4.945540484437902206e-05,3.487905025853683583e+03,3.903754840680753812e+06,1.846404100925626448e-07
5.007564879933569199e-05,3.452626637796814066e+03,3.864270342929926701e+06,1.827728661113068346e-07
5.070367153125053430e-05,3.418043457269502596e+03,3.825563939691040665e+06,1.809421245665868563e-07
5.133957059749659729e-05,3.382850678670916750e+03,3.786175258292639162e+06,1.790791125222296083e-07
5.198344477896107134e-05,3.348099930649359521e+03,3.747281309116592165e+06,1.772395004002931102e-07
5.263539409538919590e-05,3.313988678297936531e+03,3.709103100277331192e+06,1.754337414773143895e-07
5.329551982092226579e-05,3.279204154572737934e+03,3.670171348447367549e+06,1.735923413595106703e-07
5.396392449982870672e-05,3.245050231940223057e+03,3.631945381909679621e+06,1.717843235854046451e-07
5.464071196243424429e-05,3.211001217159995576e+03,3.593836830993448384e+06,1.699818593538190138e-07
5.532598734125008892e-05,3.177471143213197593e+03,3.556309092276950832e+06,1.682068664689553003e-07
5.601985708730516087e-05,3.143520552525300445e+03,3.518310700187874027e+06,1.664096125468925014e-07
5.672242898668131177e-05,3.110491599266228604e+03,3.481343828896371182e+06,1.646611476576599103e-07
5.743381217725783785e-05,3.077105465257868673e+03,3.443977191536498722e+06,1.628937745700856553e-07
5.815411716566405833e-05,3.044344068191788210e+03,3.407309776157872286e+06,1.611594733936922741e-07
5.888345584444639645e-05,3.011031989463676837e+03,3.370026023411142640e+06,1.593960205955792259e-07
5.962194150944891277e-05,2.978369861137529824e+03,3.333469712211434729e+06,1.576669744421049987e-07
6.036968887741367401e-05,2.946277167934938916e+03,3.297550727746130433e+06,1.559680726686971024e-07
6.112681410380006307e-05,2.913765310572796807e+03,3.261162603753012139e+06,1.542469814601578239e-07
6.189343480082878978e-05,2.881902310993440096e+03,3.225500698418855667e+06,1.525602390559056611e-07
6.266967005575211378e-05,2.849723228284023207e+03,3.189485024550325703e+06,1.508567640519052291e-07
6.345564044935263074e-05,2.817937743767800384e+03,3.153909876109115314e+06,1.491741250888131115e-07
6.425146807467411851e-05,2.786747065580891558e+03,3.119000450521628372e+06,1.475229735899025683e-07
6.505727655598778384e-05,2.755344281078870608e+03,3.083853629979800433e+06,1.458605937471250580e-07
6.587319106799638315e-05,2.724479909915928602e+03,3.049309415777060669e+06,1.442267160736984711e-07
6.669933835527867014e-05,2.693502879618791667e+03,3.014639110514730681e+06,1.425868745255149348e-07
6.753584675197766706e-05,2.663026903464220140e+03,2.980529598198304884e+06,1.409735574502387849e-07
6.838284620173645920e-05,2.632263809333659992e+03,2.946098735908097122e+06,1.393450411133891222e-07
6.924046827788410137e-05,2.601984415524712404e+03,2.912209243711953517e+06,1.377421305843474487e-07
7.010884620387334383e-05,2.572193406546661208e+03,2.878866364635603968e+06,1.361650738485688319e-07
7.098811487397668296e-05,2.542322706654217654e+03,2.845434293396477122e+06,1.345837984878549169e-07
7.187841087423985575e-05,2.512965665159927994e+03,2.812577122116892599e+06,1.330297148357969648e-07
7.277987250370028614e-05,2.483497581759749664e+03,2.779595669822080061e+06,1.314697529207448239e-07
7.369263979586937203e-05,2.454560493044065879e+03,2.747208520713451318e+06,1.299379004512123233e-07
7.461685454048656819e-05,2.425531583009450060e+03,2.714718602774936706e+06,1.284011872054094895e-07
7.555266030554382852e-05,2.397000592727765252e+03,2.682785969691189937e+06,1.268908325062680660e-07
7.650020245958878316e-05,2.368443900102798580e+03,2.650824569870315958e+06,1.253791171934720675e-07
7.745962819430514607e-05,2.340360267752062100e+03,2.619392631523240823e+06,1.238924444326907978e-07
7.843108654737875572e-05,2.312242090260689110e+03,2.587922029348170850e+06,1.224039429440953958e-07
7.941472842564793418e-05,2.284583542684210443e+03,2.556965857036268339e+06,1.209397730400322264e-07
8.041070662854666218e-05,2.256920301331361316e+03,2.526004431326669641e+06,1.194753546599390292e-07
8.141917587183947224e-05,2.229656234503639553e+03,2.495489772221434396e+06,1.180320675169270148e-07
8.244029281165548683e-05,2.202490250707155610e+03,2.465084890218827873e+06,1.165939726285712083e-07
8.347421606882382398e-05,2.175892817913196268e+03,2.435316345419163350e+06,1.151859753172671077e-07
8.452110625351350113e-05,2.149388885215309983e+03,2.405652448380818125e+06,1.137829276522276451e-07
8.558112599018240436e-05,2.122874542754148024e+03,2.375976900462223683e+06,1.123793289220227348e-07
8.665443994283970040e-05,2.096779975145959725e+03,2.346771175575547852e+06,1.109979519554338217e-07
8.774121484062525592e-05,2.070760896953286647e+03,2.317649940423842985e+06,1.096205711976106474e-07
8.884161950370907254e-05,2.045105531492683440e+03,2.288935782107060775e+06,1.082624444239147540e-07
8.995582486951549464e-05,2.019514323356436535e+03,2.260293430351427291e+06,1.069077139682354853e-07
9.108400401927713662e-05,1.994474089885701233e+03,2.232267743901081849e+06,1.055821506451004252e-07
9.222633220492168732e-05,1.969546975703971384e+03,2.204368663527667057e+06,1.042625755560934672e-07
9.338298687629538626e-05,1.944676314755672138e+03,2.176532767094652634e+06,1.029459889510315569e-07
9.455414770872771200e-05,1.920228001896271280e+03,2.149169573726735543e+06,1.016517603298476318e-07
9.573999663094262199e-05,1.895996306159796177e+03,2.122048823927645106e+06,1.003689988426922042e-07
9.694071785332007121e-05,1.871834973612615386e+03,2.095006826456607785e+06,9.908996219552824218e-08
9.815649789650995058e-05,1.848032665824352989e+03,2.068366658917911584e+06,9.782993136366851143e-08
9.938752562040790506e-05,1.824485045214185902e+03,2.042011543952889042e+06,9.658338299324630027e-08
1.006339922534912965e-04,1.801045239243042488e+03,2.015777097961323569e+06,9.534254204289883238e-08
1.018960914225262756e-04,1.777924242571413288e+03,1.989899471704529133e+06,9.411857800845568017e-08
1.031740191826448509e-04,1.755075987314774011e+03,1.964327104797152104e+06,9.290905217870553391e-08
1.044679740478002500e-04,1.732307654930354147e+03,1.938844189665839542e+06,9.170375725312075195e-08
1.057781570216047328e-04,1.709855097983927863e+03,1.913714698691864731e+06,9.051517863888510636e-08
1.071047716285531911e-04,1.687725208143848022e+03,1.888946345211311011e+06,8.934368116258110869e-08
1.084480239456388093e-04,1.665606415004121118e+03,1.864190411449011648e+06,8.817277111606338723e-08
1.098081226343652038e-04,1.643909722258378224e+03,1.839906903525160858e+06,8.702420594111404955e-08
1.111852789731600298e-04,1.622386810820659775e+03,1.815817896201926284e+06,8.588484028614655594e-08
1.125797068901949869e-04,1.601080125901120482e+03,1.791970895272434689e+06,8.475692108763171311e-08
1.139916229966176324e-04,1.579917068952390991e+03,1.768284646537211491e+06,8.363660517167030444e-08
1.154212466201998393e-04,1.559090678522446069e+03,1.744975203805207741e+06,8.253411148527996752e-08
1.168687998394082536e-04,1.538420429953017447e+03,1.721840519141243305e+06,8.143988353346226912e-08
1.183345075179021165e-04,1.518069825430250603e+03,1.699063588482964784e+06,8.036257668684148089e-08
1.198185973394636427e-04,1.497756541307986026e+03,1.676328427796355914e+06,7.928724548290662799e-08
1.213212998433666200e-04,1.477850547384664196e+03,1.654049116989230504e+06,7.823347513822741157e-08
1.228428484601884333e-04,1.458147832541555545e+03,1.631997321463487111e+06,7.719046584709052995e-08
1.243834795480713287e-04,1.438533327734668319e+03,1.610044252925246023e+06,7.615212616052760599e-08
1.259434324294383370e-04,1.419310142367971139e+03,1.588529159374159295e+06,7.513450188375315617e-08
1.275229494281698752e-04,1.400180284578266992e+03,1.567118520496509736e+06,7.412181812054235240e-08
1.291222759072463378e-04,1.381524149935939931e+03,1.546238084997681668e+06,7.313421200008663529e-08
1.307416603068629261e-04,1.362634372751022283e+03,1.525096150633527199e+06,7.213423746519326275e-08
1.323813541830225562e-04,1.344180175774927193e+03,1.504441729070349596e+06,7.115732138739346279e-08
1.340416122466126197e-04,1.325494535862440671e+03,1.483528270498829894e+06,7.016815333645463802e-08
1.357226924029719119e-04,1.307820626855874934e+03,1.463747167708840454e+06,6.923254362726760727e-08
1.374248557919538266e-04,1.290117069653028466e+03,1.443932881879493594e+06,6.829536442146894418e-08
1.391483668284918885e-04,1.272191483647248560e+03,1.423870095587032847e+06,6.734643160170369918e-08
1.408934932436742651e-04,1.255290488181506817e+03,1.404954057916091755e+06,6.645173787849851786e-08
1.426605061263328130e-04,1.237811396391057770e+03,1.385390999667116674e+06,6.552644127428718724e-08
1.444496799651547373e-04,1.220636122040250712e+03,1.366167981869901065e+06,6.461722795681472207e-08
1.462612926913214710e-04,1.204163737031856726e+03,1.347731656271173852e+06,6.374522373060789245e-08
1.480956257216827442e-04,1.187350917366470867e+03,1.328914307270055870e+06,6.285519779962104825e-08
1.499529640024719408e-04,1.170871612433795462e+03,1.310470236710468074e+06,6.198282725103798783e-08
1.518335960535698178e-04,1.154949496683779671e+03,1.292649786906852853e+06,6.113995281499895674e-08
1.537378140133234170e-04,1.138674851888898047e+03,1.274434777344535571e+06,6.027841642947129303e-08
1.556659136839269196e-04,1.122859778028911705e+03,1.256734131633423036e+06,5.944120850623165909e-08
1.576181945773716246e-04,1.106846359741460219e+03,1.238811493633787613e+06,5.859350075683412382e-08
1.595949599619725064e-04,1.091723556816406017e+03,1.221885655720843701e+06,5.779293981462566240e-08
1.615965169094778838e-04,1.076549858854787317e+03,1.204902854747299803e+06,5.698968462462282905e-08
1.636231763427701679e-04,1.061185860268500164e+03,1.187707064320422942e+06,5.617635542597606233e-08
1.656752530841647654e-04,1.046489894509231590e+03,1.171258953765238868e+06,5.539839010742972742e-08
1.677530659043148064e-04,1.031925646980328565e+03,1.154958265710261883e+06,5.462739760147179030e-08
1.698569375717290701e-04,1.017178742236974813e+03,1.138453142907259054e+06,5.384673570866626786e-08
1.719871949029110221e-04,1.002966202489927809e+03,1.122546095431870082e+06,5.309436167671873364e-08
1.741441688131266363e-04,9.889829546687467428e+02,1.106895677497392753e+06,5.235412574913728342e-08
1.763281943678090213e-04,9.748243362291444782e+02,1.091048980164393783e+06,5.160460616771105912e-08
1.785396108346076055e-04,9.613366152565431548e+02,1.075953168883335078e+06,5.089060211280258812e-08
1.807787617360900943e-04,9.476067184841949711e+02,1.060586308091595769e+06,5.016377791553120811e-08
1.830459949031055448e-04,9.339950754295266506e+02,1.045351799964106176e+06,4.944321375537825149e-08
1.853416625288165575e-04,9.207696875013382396e+02,1.030549598710959894e+06,4.874309691372305994e-08
1.876661212234090391e-04,9.078419234979276098e+02,1.016080505965196178e+06,4.805873549061195712e-08
1.900197320694884014e-04,8.947520262049498569e+02,1.001429949386761524e+06,4.736579116261857161e-08
1.924028606781701372e-04,8.822806843745158858e+02,9.874716963152275421e+05,4.670559151471896625e-08
1.948158772458743419e-04,8.695739721881494688e+02,9.732500105643306160e+05,4.603293198654141161e-08
1.972591566118314166e-04,8.570122949548539282e+02,9.591906517391733360e+05,4.536795022281393942e-08
1.997330783163109085e-04,8.447463958118535174e+02,9.454623355150037678e+05,4.471862616406515155e-08
2.022380266595787980e-04,8.328031530076676745e+02,9.320951447329511866e+05,4.408638267324355573e-08
2.047743907615949717e-04,8.207101242665291920e+02,9.185603095993149327e+05,4.344620991352844277e-08
2.073425646224594178e-04,8.089853672253900640e+02,9.054376538171523716e+05,4.282553247757052852e-08
2.099429471836164419e-04,7.974740764586877049e+02,8.925539150914973579e+05,4.221615537810709564e-08
2.125759423898262535e-04,7.858184170727356559e+02,8.795085952184025664e+05,4.159913578813283125e-08
2.152419592519141153e-04,7.745739949767387316e+02,8.669235429126385134e+05,4.100388600590844308e-08
2.179414119103062714e-04,7.635113938354973016e+02,8.545419893911025720e+05,4.041826134116880284e-08
2.206747196993626549e-04,7.523100513068276314e+02,8.420051528676612070e+05,3.982529207659583421e-08
2.234423072125165950e-04,7.415866122404795533e+02,8.300031984412341844e+05,3.925762174952650618e-08
2.262446043682313343e-04,7.309487292362257449e+02,8.180970006048160139e+05,3.869448053270355653e-08
2.290820464767837387e-04,7.201774314384281297e+02,8.060414814301576698e+05,3.812427669175244514e-08
2.319550743078857156e-04,7.098877371220239638e+02,7.945249855109613854e+05,3.757956765746817865e-08
2.348641341591535601e-04,6.996286789772608472e+02,7.830427783990742173e+05,3.703648042058194358e-08
2.378096779254360157e-04,6.892409570632307805e+02,7.714165674200021895e+05,3.648658206614937569e-08
2.407921631690119199e-04,6.794977116523605218e+02,7.605116714567538584e+05,3.597080058272000933e-08
2.438120531906681407e-04,6.696041792306202751e+02,7.494385703268435318e+05,3.544706330487739607e-08
2.468698171016688622e-04,6.600291715954065239e+02,7.387219704973018961e+05,3.494018788157868035e-08
2.499659298966278487e-04,6.502982627468559258e+02,7.278308819383595837e+05,3.442505946292858695e-08
2.531008725272939318e-04,6.407832275198032903e+02,7.171814048019334441e+05,3.392135881931998610e-08
2.562751319772626503e-04,6.315571489528995244e+02,7.068553355428554351e+05,3.343295477233124310e-08
2.594892013376244783e-04,6.223054148537855781e+02,6.965005519388300600e+05,3.294319258974152220e-08
2.627435798835616484e-04,6.131255820717507277e+02,6.862262421758406563e+05,3.245723667153494669e-08
2.660387731519062290e-04,6.042123184122393695e+02,6.762502835705558537e+05,3.198539221328382662e-08
2.693752930196694840e-04,5.954541892509039371e+02,6.664479555669421097e+05,3.152176016252383685e-08
2.727536577835585610e-04,5.865862201906494420e+02,6.565226918658461655e+05,3.105231347981985501e-08
2.761743922404879354e-04,5.781203488865887721e+02,6.470474665260397596e+05,3.060415278227046521e-08
2.796380277691019271e-04,5.696917935315873365e+02,6.376140061757311923e+05,3.015796749175945371e-08
2.831451024123194564e-04,5.614478113642126118e+02,6.283871249809090514e+05,2.972155301461718091e-08
2.866961609609135100e-04,5.531340652871288057e+02,6.190821621874732664e+05,2.928144542174989594e-08
2.902917550381398418e-04,5.450031773721619857e+02,6.099818590479645645e+05,2.885101785336485953e-08
2.939324431854256994e-04,5.371347272812770370e+02,6.011752832085237605e+05,2.843448304498994669e-08
2.976187909491345121e-04,5.291721530885615721e+02,5.922633612041438464e+05,2.801296555714619418e-08
3.013513709684178719e-04,5.213127816283991933e+02,5.834669464064652566e+05,2.759691134732178067e-08
3.051307630641696589e-04,5.136816384745027335e+02,5.749259707187284948e+05,2.719293893667231404e-08
3.089575543290957581e-04,5.061890725351502738e+02,5.665400942862967495e+05,2.679630243498058895e-08
3.128323392189131884e-04,4.986025387323134623e+02,5.580490465549830114e+05,2.639469152466228247e-08
3.167557196446933363e-04,4.913986840208917215e+02,5.499863033057197463e+05,2.601333862706192988e-08
3.207283050663630635e-04,4.841615768983579073e+02,5.418863430852714228e+05,2.563022543530826493e-08
3.247507125873785416e-04,4.771273494373275526e+02,5.340134511063031387e+05,2.525785215293337628e-08
3.288235670505862884e-04,4.700388193151111409e+02,5.260797821638293099e+05,2.488260423218496709e-08
3.329475011352868549e-04,4.630485628591356999e+02,5.182561036876830040e+05,2.451255865780250848e-08
3.371231554555152049e-04,4.562339388169296512e+02,5.106289976182824466e+05,2.415181059601386889e-08
3.413511786595543732e-04,4.495574961059379575e+02,5.031565477211747784e+05,2.379837748617301628e-08
3.456322275306965004e-04,4.427973209243469910e+02,4.955903822455175105e+05,2.344051180216660885e-08
3.499669670892681535e-04,4.363901043821785493e+02,4.884192573420640547e+05,2.310133080924141311e-08
3.543560706959347903e-04,4.299481186885229249e+02,4.812092178917928250e+05,2.276030922996378318e-08
3.588002201563008980e-04,4.236841597675174285e+02,4.741984306775637087e+05,2.242871191426728500e-08
3.633001058268221805e-04,4.173596928821231131e+02,4.671199213616340421e+05,2.209391146795919447e-08
3.678564267220461631e-04,4.111242882447307920e+02,4.601410928509965306e+05,2.176382574004881415e-08
3.724698906231959619e-04,4.050961796572998992e+02,4.533942755197038059e+05,2.144471371336932734e-08
3.771412141881197140e-04,3.991421345177977855e+02,4.467303519430364249e+05,2.112952240852632090e-08
3.818711230626149387e-04,3.932936445050036696e+02,4.401845684343441390e+05,2.081991891118904660e-08
3.866603519931511939e-04,3.874194761844807999e+02,4.336100450897464179e+05,2.050895607257545159e-08
3.915096449410059910e-04,3.816605245764358187e+02,4.271644753134738421e+05,2.020409250010693609e-08
3.964197551978320723e-04,3.760047969203094453e+02,4.208344364931732416e+05,1.990469332895449623e-08
4.013914455026741592e-04,3.704957198235690612e+02,4.146685328275996726e+05,1.961305744815102728e-08
4.064254881604531132e-04,3.649175507483607817e+02,4.084252996064914623e+05,1.931776402187431042e-08
4.115226651619364301e-04,3.595953893032075825e+02,4.024685968435438699e+05,1.903602295824789967e-08
4.166837683052127938e-04,3.542754341098504938e+02,3.965143633755068877e+05,1.875439868772032522e-08
4.219095993186905294e-04,3.489694669576275601e+02,3.905757856902060448e+05,1.847351490686556243e-08
4.272009699856386066e-04,3.438773038215096562e+02,3.848765030707514379e+05,1.820394934165040745e-08
4.325587022702892179e-04,3.387212774248895357e+02,3.791057430141305667e+05,1.793100302537649616e-08
4.379836284455224256e-04,3.337494758263886183e+02,3.735411721863162820e+05,1.766780907965792489e-08
4.434765912221516875e-04,3.288199417096321326e+02,3.680239082333280239e+05,1.740685266194112487e-08
4.490384438798308061e-04,3.240069149331596350e+02,3.626370423531763954e+05,1.715206383277085189e-08
4.546700503996033366e-04,3.191598277078572323e+02,3.572120551248200936e+05,1.689547193408083381e-08
4.603722855981132091e-04,3.143858497030082049e+02,3.518688936546560726e+05,1.664275024296413025e-08
4.661460352634998216e-04,3.097468698622097349e+02,3.466768256725569372e+05,1.639717499539656524e-08
4.719921962929963600e-04,3.051809437388985202e+02,3.415665213282738696e+05,1.615546701722299691e-08
4.779116768322543853e-04,3.007146878356076058e+02,3.365677705099589075e+05,1.591903531525596151e-08
4.839053964164158838e-04,2.962077112051885592e+02,3.315234439851771458e+05,1.568044796636033398e-08
4.899742861129538669e-04,2.917827627390907992e+02,3.265709255346313003e+05,1.544620297019138526e-08
4.961192886663055380e-04,2.874649724183444732e+02,3.217383412925954908e+05,1.521763064106921538e-08
5.023413586443178100e-04,2.832315439855575505e+02,3.170001770895370864e+05,1.499352420579264888e-08
5.086414625865317944e-04,2.790822150086992224e+02,3.123561392046399415e+05,1.477386977190835447e-08
5.150205791543227378e-04,2.749025066768167562e+02,3.076780999483312480e+05,1.455260713581430184e-08
5.214796992829295614e-04,2.707983734466374131e+02,3.030846463292236440e+05,1.433534524448475079e-08
5.280198263353844644e-04,2.667876267278609816e+02,2.985957133444913779e+05,1.412302698654966321e-08
5.346419762583769610e-04,2.628583247047166083e+02,2.941979354005256901e+05,1.391502019406157511e-08
5.413471777400712158e-04,2.589976768506284088e+02,2.898769970043111825e+05,1.371064777058156608e-08
5.481364723699032413e-04,2.551281556654205929e+02,2.855461273430380970e+05,1.350580561656570248e-08
5.550109148003814835e-04,2.513185732052449737e+02,2.812823426758385613e+05,1.330413645914473565e-08
5.619715729109176850e-04,2.476028049413892234e+02,2.771235573191975709e+05,1.310743357561959467e-08
5.690195279737115521e-04,2.439527107565366464e+02,2.730382761153117754e+05,1.291420730306571228e-08
5.761558748217158977e-04,2.403755387468822562e+02,2.690346113236598903e+05,1.272484133640709784e-08
5.833817220187090388e-04,2.367824248955328699e+02,2.650131040044091060e+05,1.253463145107341265e-08
5.906981920314989531e-04,2.332436455621429161e+02,2.610524093036005797e+05,1.234729789052605095e-08
5.981064214042889010e-04,2.298033981413698825e+02,2.572019941052408831e+05,1.216518034722054128e-08
6.056075609352274975e-04,2.264114756619810578e+02,2.534056654495066032e+05,1.198562099771008502e-08
6.132027758551755444e-04,2.230930075719693662e+02,2.496915488740826258e+05,1.180995012809720801e-08
6.208932460087127157e-04,2.197602041147436012e+02,2.459613877794587170e+05,1.163352038229314628e-08
6.286801660374154296e-04,2.164676433934176316e+02,2.422762674109745712e+05,1.145922097983407406e-08
6.365647455654334461e-04,2.132934241882616959e+02,2.387235979731144034e+05,1.129118626231184786e-08
6.445482093873929454e-04,2.101411704251581511e+02,2.351955128344550612e+05,1.112431433683766982e-08
6.526317976586570955e-04,2.069937192117292852e+02,2.316728028354285925e+05,1.095769664556277622e-08
6.608167660879725154e-04,2.039727563291359616e+02,2.282916618958027684e+05,1.079777490991290221e-08
6.691043861325313407e-04,2.009139061019342876e+02,2.248681164457848645e+05,1.063584751906486482e-08
6.774959451954804413e-04,1.979795553544861093e+02,2.215839140808416414e+05,1.048051079935827088e-08
6.859927468259068494e-04,1.950433183549055798e+02,2.182976005730095494e+05,1.032507422648346643e-08
6.945961109213330065e-04,1.921431422318996454e+02,2.150516473446127493e+05,1.017154662044969584e-08
7.033073739327467665e-04,1.893297833278192002e+02,2.119028622260476986e+05,1.002261488694877025e-08
7.121278890722114755e-04,1.864811407402087866e+02,2.087145866828993603e+05,9.871815329138336727e-09
7.210590265230710887e-04,1.837742431592113235e+02,2.056849558710742858e+05,9.728519374767673951e-09
7.301021736527962954e-04,1.810427557759421404e+02,2.026278035072177881e+05,9.583921701702866943e-09
7.392587352284984330e-04,1.783713644002969545e+02,1.996379121722393611e+05,9.442505351354815203e-09
7.485301336351473994e-04,1.757504845770993711e+02,1.967045546923733491e+05,9.303762948172524602e-09
7.579178090965250090e-04,1.731803841396275345e+02,1.938280308336536691e+05,9.167708670536989157e-09
7.674232198989504360e-04,1.706036507568277329e+02,1.909440832084495050e+05,9.031303262427316501e-09
7.770478426178112482e-04,1.680584626395244641e+02,1.880954418722554692e+05,8.896567776725102675e-09
7.867931723469351584e-04,1.655996725924188695e+02,1.853434995236369432e+05,8.766405974937516932e-09
7.966607229308384896e-04,1.631568801914661151e+02,1.826094621604310814e+05,8.637091045964496734e-09
8.066520271998881084e-04,1.607334706638833097e+02,1.798971186177803611e+05,8.508802194726181069e-09
8.167686372084118464e-04,1.583901801388162198e+02,1.772744463653691637e+05,8.384754630269203624e-09
8.270121244757949221e-04,1.560175012832430355e+02,1.746188819221952290e+05,8.259151325803148089e-09
8.373840802306015043e-04,1.537567420262034545e+02,1.720885808308912965e+05,8.139472747044204358e-09
8.478861156577561110e-04,1.514793145711022078e+02,1.695396242548805312e+05,8.018911798237109914e-09
8.585198621488263678e-04,1.492515553574447438e+02,1.670462576781750831e+05,7.900980153955445540e-09
8.692869715554440990e-04,1.470663578468476089e+02,1.646005272765139234e+05,7.785301612969040654e-09
8.801891164459047564e-04,1.448745733076239617e+02,1.621474244995455956e+05,7.669274372216481069e-09
8.912279903649851943e-04,1.427764063527029634e+02,1.597991009798062441e+05,7.558202997242772867e-09
9.024053080970196889e-04,1.406519252795499426e+02,1.574213260083601926e+05,7.445738622876714998e-09
9.137228059322751849e-04,1.386069116752485400e+02,1.551324931135781517e+05,7.337481044833671536e-09
9.251822419366679444e-04,1.365679133696592089e+02,1.528503926989786851e+05,7.229541900696594874e-09
9.367853962248620398e-04,1.345555941124275421e+02,1.505981521754596906e+05,7.123015074381569746e-09
9.485340712367935998e-04,1.325971446295608303e+02,1.484062041171554301e+05,7.019339970563749592e-09
9.604300920176634185e-04,1.306706153732418159e+02,1.462499820141101663e+05,6.917354638593595152e-09
9.724753065014366329e-04,1.287385233964754718e+02,1.440875339683535276e+05,6.815074831006411139e-09
9.846715857979079084e-04,1.268347343129630929e+02,1.419567632635010814e+05,6.714293303268729715e-09
9.970208244833560912e-04,1.249891095009297715e+02,1.398910915377372294e+05,6.616590837277003540e-09
1.009524940894849804e-03,1.231600259421347516e+02,1.378439332167023676e+05,6.519764021212303036e-09
1.022185877428243451e-03,1.213465631896620351e+02,1.358142581120521645e+05,6.423764129064381538e-09
1.035005600839909159e-03,1.195915491269828692e+02,1.338500003149323165e+05,6.330858355011091672e-09
1.047986102552254765e-03,1.178145245910973529e+02,1.318611078185623337e+05,6.236787405080297573e-09
1.061129398963070762e-03,1.161214967639028544e+02,1.299662266429488518e+05,6.147163017376448528e-09
1.074437531758760641e-03,1.144164522548693128e+02,1.280578960816582112e+05,6.056902498514708301e-09
1.087912568231495618e-03,1.127524470690785421e+02,1.261954978079670545e+05,5.968814492212025025e-09
1.101556601600350111e-03,1.111140212436399963e+02,1.243617286256807274e+05,5.882080589174864551e-09
1.115371751336463081e-03,1.094793469222225468e+02,1.225321582251483924e+05,5.795545280777118374e-09
1.129360163492277268e-03,1.079058278995141649e+02,1.207710344398762682e+05,5.712247371147192045e-09
1.143524011034908810e-03,1.063125746199552566e+02,1.189878235564359202e+05,5.627904782476196356e-09
1.157865494183696678e-03,1.047895904115156043e+02,1.172832596615169459e+05,5.547282051430941116e-09
1.172386840751986348e-03,1.032585544644275046e+02,1.155696840493947093e+05,5.466233082768839162e-09
1.187090306493198679e-03,1.017627168778644631e+02,1.138955033661094931e+05,5.387047421643427974e-09
1.201978175451240156e-03,1.002923753722975562e+02,1.122498585657881922e+05,5.309211455196050160e-09
1.217052760315308043e-03,9.882420097846592455e+01,1.106066392537941720e+05,5.231490209876841492e-09
1.232316402779143599e-03,9.741137982637205539e+01,1.090253727426302939e+05,5.156699217869766760e-09
1.247771473904792745e-03,9.598083980650679337e+01,1.074242748096469586e+05,5.080970236156139583e-09
1.263420374490927976e-03,9.461386857311697440e+01,1.058943247307709535e+05,5.008606416829935677e-09
1.279265535445789619e-03,9.324002142155511308e+01,1.043566789438268461e+05,4.935878604693825310e-09
1.295309418164804129e-03,9.189748584081544891e+01,1.028540778886803164e+05,4.864808343791019540e-09
1.311554514912938608e-03,9.057728206202342847e+01,1.013764711723440705e+05,4.794920269054166104e-09
1.328003349211852270e-03,8.925987316834468288e+01,9.990199256477488962e+04,4.725180148097490856e-09
1.344658476231895376e-03,8.799209623323693563e+01,9.848306334776763106e+04,4.658067410947518089e-09
1.361522483189040204e-03,8.670841949945780414e+01,9.704633865881683596e+04,4.590112980768259733e-09
1.378597989746773106e-03,8.548220018370120954e+01,9.567392182001560286e+04,4.525200193394038133e-09
1.395887648423037438e-03,8.424770894664926857e+01,9.429224682981429214e+04,4.459849512519590232e-09
1.413394145002276571e-03,8.304705944977915522e+01,9.294844840335901245e+04,4.396290323311086225e-09
1.431120198952644208e-03,8.186154486734440638e+01,9.162158937033687835e+04,4.333532336195915588e-09
1.449068563848449672e-03,8.068067003325637643e+01,9.029992326542883529e+04,4.271019965010970225e-09
1.467242027797897560e-03,7.954328009089982743e+01,8.902692659255376202e+04,4.210809568272754038e-09
1.485643413876195501e-03,7.839162559569209066e+01,8.773796465777212870e+04,4.149844044067273560e-09
1.504275580564090956e-03,7.729396010368060388e+01,8.650942863224222674e+04,4.091736554016035403e-09
1.523141422191910113e-03,7.618638729450451308e+01,8.526980407733643369e+04,4.033104596959351771e-09
1.542243869389164175e-03,7.511037960651808021e+01,8.406550803445359634e+04,3.976143613417679958e-09
1.561585889539793921e-03,7.404632859513726828e+01,8.287459421781593119e+04,3.919815584516527711e-09
1.581170487243126720e-03,7.299261687894077966e+01,8.169525241169055516e+04,3.864034890387610643e-09
1.601000704780610384e-03,7.196993800706681554e+01,8.055064337934949435e+04,3.809896992452849711e-09
1.621079622588404538e-03,7.096617924486091056e+01,7.942721023028374475e+04,3.756760674773917858e-09
1.641410359735895417e-03,6.995699382299497415e+01,7.829770342131055077e+04,3.703337084173954998e-09
1.661996074410215189e-03,6.896383638394924276e+01,7.718613555134426861e+04,3.650761972330994349e-09
1.682839964406835634e-03,6.800086874190017738e+01,7.610835689447046025e+04,3.599785028000266490e-09
1.703945267626315752e-03,6.704598111491519319e+01,7.503962160250636225e+04,3.549235818164580964e-09
1.725315262577277681e-03,6.610743494245576812e+01,7.398917609530848858e+04,3.499551681443770983e-09
1.746953268885693966e-03,6.518874750599231049e+01,7.296095700660522562e+04,3.450918813358729017e-09
1.768862647810557969e-03,6.426728682270301363e+01,7.192963402727404900e+04,3.402139136966861761e-09
1.791046802766025226e-03,6.338743451885120805e+01,7.094488023816967325e+04,3.355562097454634342e-09
1.813509179850101649e-03,6.249654756520851606e+01,6.994777617942863435e+04,3.308400912947771428e-09
1.836253268379956427e-03,6.163887211121048892e+01,6.898784330268455960e+04,3.262997856850003979e-09
1.859282601433964342e-03,6.078187534438041695e+01,6.802867003043016302e+04,3.217630728644793118e-09
1.882600756400529349e-03,5.994571847736467873e+01,6.709282132096530404e+04,3.173366809276830142e-09
1.906211355533798902e-03,5.912215141240091043e+01,6.617106344836077187e+04,3.129769360525650616e-09
1.930118066516347533e-03,5.830174152516103447e+01,6.525283917192103399e+04,3.086339044361325267e-09
1.954324603028916203e-03,5.751218197049635705e+01,6.436914339732821099e+04,3.044541862704951252e-09
1.978834725327297418e-03,5.671272017072012517e+01,6.347436477013437980e+04,3.002220482544121429e-09
2.003652240826454996e-03,5.595146573652428401e+01,6.262234882920308883e+04,2.961921698640078851e-09
2.028781004691971104e-03,5.518306916197053624e+01,6.176233921734661271e+04,2.921244828832077580e-09
2.054224920438907712e-03,5.443835867115475224e+01,6.092883969202157459e+04,2.881821837264007282e-09
2.079987940538181781e-03,5.370051129522140343e+01,6.010302154498689924e+04,2.842762160733763714e-09
2.106074067030544623e-03,5.297263993765442081e+01,5.928836881951610849e+04,2.804230588067760978e-09
2.132487352148259522e-03,5.226439409154514237e+01,5.849568148151601054e+04,2.766737937751124451e-09
2.159231898944578669e-03,5.155228633689830531e+01,5.769867179412966652e+04,2.729040848273780127e-09
2.186311861931113532e-03,5.087194955143112196e+01,5.693722100923890684e+04,2.693025629356237514e-09
2.213731447723198392e-03,5.018308033599292628e+01,5.616622050480154576e+04,2.656558726302442799e-09
2.241494915693347662e-03,4.952298099106270257e+01,5.542741999446630507e+04,2.621614823631263305e-09
2.269606578632910217e-03,4.886192803344722790e+01,5.468755217578734300e+04,2.586620439242270509e-09
2.298070803422020032e-03,4.821625610440545984e+01,5.396489920794411591e+04,2.552440285574138883e-09
2.326892011707949823e-03,4.758134957839446599e+01,5.325429516169759154e+04,2.518830023693679241e-09
2.356074680591970470e-03,4.695055407122910651e+01,5.254829227563169843e+04,2.485437388210707633e-09
2.385623343324828546e-03,4.634111873193840836e+01,5.186619625002225803e+04,2.453175503171566199e-09
2.415542590010943003e-03,4.574044484089380092e+01,5.119390626722319575e+04,2.421377425886698918e-09
2.445837068321432897e-03,4.513941516712908708e+01,5.052121808306672028e+04,2.389560514411435027e-09
2.476511484216091519e-03,4.454697561013430374e+01,4.985814418303611455e+04,2.358198340858042341e-09
2.507570602674413177e-03,4.397533794075624769e+01,4.921835230154591409e+04,2.327937363877315188e-09
2.539019248435777157e-03,4.340647863250002558e+01,4.858167003473791556e+04,2.297823465940632425e-09
2.570862306748943234e-03,4.284884172582439277e+01,4.795754817429693503e+04,2.268303652078689204e-09
2.603104724130915135e-03,4.230301773643285657e+01,4.734664764089569508e+04,2.239409182621355101e-09
2.635751509135339770e-03,4.175628387240963235e+01,4.673472875192813081e+04,2.210466546822367742e-09
2.668807733130537652e-03,4.123283374624482178e+01,4.614886963342456147e+04,2.182756490143167486e-09
2.702278531087291998e-03,4.070281878095885020e+01,4.555566297469050915e+04,2.154698908351173355e-09
2.736169102376517955e-03,4.019644556400652391e+01,4.498891678113986563e+04,2.127892857800790314e-09
2.770484711576934669e-03,3.968641302025446294e+01,4.441807497300046816e+04,2.100893092227791863e-09
2.805230689292869881e-03,3.919254422694493201e+01,4.386532405855394609e+04,2.074748992588418478e-09
2.840412432982314991e-03,3.870368759507125844e+01,4.331818288672439667e+04,2.048870223437147541e-09
2.876035407795373301e-03,3.822038430948093435e+01,4.277725716579586879e+04,2.023285433659610875e-09
2.912105147423215464e-03,3.775011828525002500e+01,4.225092308992757171e+04,1.998390801803819123e-09
2.948627254957688747e-03,3.727815173166596452e+01,4.172268573697893589e+04,1.973406148449501770e-09
2.985607403761701521e-03,3.682581910387933988e+01,4.121642318905084539e+04,1.949460862877304450e-09
3.023051338350529575e-03,3.636781355563239515e+01,4.070381135966479633e+04,1.925215267992654253e-09
3.060964875284168715e-03,3.592963317927896583e+01,4.021338838294903690e+04,1.902019164949507568e-09
3.099353904070884565e-03,3.548937917233722317e+01,3.972064454445897718e+04,1.878713289421339591e-09
3.138224388082090557e-03,3.506042963221649700e+01,3.924055296190671652e+04,1.856005842283348083e-09
3.177582365478702400e-03,3.463644153335745557e+01,3.876601435462141671e+04,1.833561040642415249e-09
3.217433950149107408e-03,3.421619481221530634e+01,3.829566319546468003e+04,1.811314297581299435e-09
3.257785332658900013e-03,3.380789726516754001e+01,3.783868586554564536e+04,1.789700111997723904e-09
3.298642781212527460e-03,3.339665474547172153e+01,3.737841244495175488e+04,1.767930027399290846e-09
3.340012642626995296e-03,3.300222275731408672e+01,3.693695381242696749e+04,1.747049847604479605e-09
3.381901343317786184e-03,3.260284400839153562e+01,3.648995863543247833e+04,1.725907799459041468e-09
3.424315390297145122e-03,3.221781939870611211e+01,3.605902898777877999e+04,1.705525621245732485e-09
3.467261372184868556e-03,3.183147205644737454e+01,3.562661890311555180e+04,1.685073421090034403e-09
3.510745960231804672e-03,3.145342537133183569e+01,3.520349913176745031e+04,1.665060635633875817e-09
3.554775909356154649e-03,3.107932150503301827e+01,3.478479226671341894e+04,1.645256572513286533e-09
3.599358059192790411e-03,3.070645412883135350e+01,3.436746931382627372e+04,1.625517965887906133e-09
3.644499335155724183e-03,3.034248364635012507e+01,3.396010399787899223e+04,1.606250337139765753e-09
3.690206749513908098e-03,2.997611955839113307e+01,3.355005969586378342e+04,1.586855997287470049e-09
3.736487402480522142e-03,2.962064908847805711e+01,3.315220781705507397e+04,1.568038336584543895e-09
3.783348483315926956e-03,2.926072049288946886e+01,3.274936628699234643e+04,1.548984674572272972e-09
3.830797271444444548e-03,2.891002883455679040e+01,3.235686297951840606e+04,1.530419991437089759e-09
3.878841137585149930e-03,2.855751551449667502e+01,3.196232082043186165e+04,1.511758874377843146e-09
3.927487544896841529e-03,2.820878647533827177e+01,3.157201412784427521e+04,1.493298087078844520e-09
3.976744050137371624e-03,2.786120433509751138e+01,3.118299107462425673e+04,1.474898013556430547e-09
4.026618304837517245e-03,2.751328814532718781e+01,3.079359414440403634e+04,1.456480256340890708e-09
4.077118056489576273e-03,2.716842824715727289e+01,3.040761789595157825e+04,1.438224291069305379e-09
4.128251149750859599e-03,2.682016441524516992e+01,3.001783187552284289e+04,1.419788130603921524e-09
4.180025527662290137e-03,2.647525440329409108e+01,2.963179953841133101e+04,1.401529512442123690e-09
4.232449232882277805e-03,2.612601870943645466e+01,2.924092578458784192e+04,1.383041904191651933e-09
4.285530408936069971e-03,2.577742548325318950e+01,2.885077109744627523e+04,1.364588306470133148e-09
4.339277301480768192e-03,2.542501809368202004e+01,2.845634749854297479e+04,1.345932797089070141e-09
4.393698259586215939e-03,2.506990609483207777e+01,2.805889682995574913e+04,1.327134112890266516e-09
4.448801737031948117e-03,2.471086373426518179e+01,2.765704719738744097e+04,1.308127365801604661e-09
4.504596293620401030e-03,2.434713543974287120e+01,2.724995294455969997e+04,1.288872557839501378e-09
4.561090596506602209e-03,2.397727446307085586e+01,2.683599483292536752e+04,1.269293102004621781e-09
4.618293421544526593e-03,2.360266296657443519e+01,2.641671981483205309e+04,1.249462166292271569e-09
4.676213654650341993e-03,2.321773467653255096e+01,2.598589797065119274e+04,1.229085086984566832e-09
4.734860293182760645e-03,2.282797881616253832e+01,2.554967298306549128e+04,1.208452448950770253e-09
4.794242447340670357e-03,2.242464265745465823e+01,2.509824856918194928e+04,1.187100906062714051e-09
4.854369341578347943e-03,2.201439317974497811e+01,2.463908658724010093e+04,1.165383390464354346e-09
4.915250316038370301e-03,2.159064711921995894e+01,2.416481887561023177e+04,1.142951401688714552e-09
4.976894828002524987e-03,2.115490278600432106e+01,2.367712238230522416e+04,1.119884256286510383e-09
5.039312453360904158e-03,2.070719146857553028e+01,2.317603212621018247e+04,1.096183610586474142e-09
5.102512888099433423e-03,2.024134210032281800e+01,2.265464128762234395e+04,1.071522784744609574e-09
5.166505949806047236e-03,1.976698204167657380e+01,2.212372506099353632e+04,1.046411425601871035e-09
5.231301579195760630e-03,1.926676157288770952e+01,2.156386518465869449e+04,1.019931085165633392e-09
5.296909841654863678e-03,1.876026759925366605e+01,2.099698383706076493e+04,9.931186420778769956e-10
5.363340928804483272e-03,1.822589216075360596e+01,2.039889682227029334e+04,9.648302284379743179e-10
5.430605160083756822e-03,1.768242557376097679e+01,1.979063475550101066e+04,9.360605535901437096e-10
5.498712984352857255e-03,1.711557646791828091e+01,1.915620235998950375e+04,9.060530704197037040e-10
5.567674981516125207e-03,1.653445000662076225e+01,1.850579037356145636e+04,8.752897820462333211e-10
5.637501864165556445e-03,1.593746207869746456e+01,1.783762581742129987e+04,8.436868298399622153e-10
5.708204479244903019e-03,1.532210862369154469e+01,1.714890608138977404e+04,8.111116555040844178e-10
5.779793809734639666e-03,1.469624163019562957e+01,1.644841931716545514e+04,7.779799224190641530e-10
5.852280976358067814e-03,1.405493279311736288e+01,1.573064963635171625e+04,7.440307392284656390e-10
5.925677239308815673e-03,1.340558099428983851e+01,1.500387806167064446e+04,7.096557830467066083e-10
5.999993999999999814e-03,1.274873298956466172e+01,1.426871653662028621e+04,6.748839976735501672e-10
